-- superbuilder
-- Author: wldcmzy
-- DateCreated: 2/21/2024 3:28:33 PM
--------------------------------------------------------------

-- !
-- p = production
-- f = food
-- g = gold
-- c = culture


-- !
--------------------------------------------------------------
INSERT INTO Types			
(Type,														Kind			)	VALUES
('TRAIT_MOD_LEADER_QIN_SUPER_BUILDER',						'KIND_TRAIT'	);

INSERT INTO Traits			
(TraitType,									Name,											Description)	VALUES
('TRAIT_MOD_LEADER_QIN_SUPER_BUILDER',		'LOC_TRAIT_MOD_LEADER_QIN_SUPER_BUILDER_NAME',	'LOC_TRAIT_MOD_LEADER_QIN_SUPER_BUILDER_DESCRIPTION'	);

INSERT INTO LeaderTraits			
(LeaderType,			TraitType								)	VALUES
('LEADER_QIN',			'TRAIT_MOD_LEADER_QIN_SUPER_BUILDER'	);


-- !more builder changes
--------------------------------------------------------------
INSERT INTO TraitModifiers 
(TraitType,								ModifierId															) VALUES 
('TRAIT_MOD_LEADER_QIN_SUPER_BUILDER',	'TRAIT_MOD_LEADER_QIN_SUPER_BUILDER_MODIFIER'						);

INSERT INTO Modifiers 
(ModifierId,										ModifierType,									RunOnce,	Permanent,	NewOnly,	OwnerRequirementSetId,	SubjectRequirementSetId						) VALUES 
('TRAIT_MOD_LEADER_QIN_SUPER_BUILDER_MODIFIER',		'MODIFIER_PLAYER_UNITS_ADJUST_BUILDER_CHARGES', 0,			0,			0,			NULL,					'UNIT_IS_BUILDER'							);

INSERT INTO ModifierArguments 
(ModifierId,															Name,			Value			) VALUES 
('TRAIT_MOD_LEADER_QIN_SUPER_BUILDER_MODIFIER',							'Amount',		'96'			);


-- !more wonder percent
--------------------------------------------------------------
UPDATE ModifierArguments
SET Value = 17
WHERE ModifierId = 'TRAIT_BUILDER_WONDER_PERCENT';


-- !all era wonder
update UnitCommands 
set MaxEra = 8 where 
CommandType = 'UNITCOMMAND_WONDER_PRODUCTION';



-- !builder more movement
--------------------------------------------------------------

INSERT INTO Types			
(Type,														Kind			)	VALUES
('ABILITY_LEADER_QIN_SUPER_BUILDER_MORE_MOVEMENT_BUFF',		'KIND_ABILITY'	);

INSERT INTO TypeTags		
(Type,														Tag					)	VALUES
('ABILITY_LEADER_QIN_SUPER_BUILDER_MORE_MOVEMENT_BUFF',		'CLASS_BUILDER'		);

INSERT INTO UnitAbilities		
(UnitAbilityType,											Name,																Description,																Inactive	)	VALUES
('ABILITY_LEADER_QIN_SUPER_BUILDER_MORE_MOVEMENT_BUFF',		'LOC_ABILITY_LEADER_QIN_SUPER_BUILDER_MORE_MOVEMENT_BUFF_NAME',		'LOC_ABILITY_LEADER_QIN_SUPER_BUILDER_MORE_MOVEMENT_BUFF_DESCRIPTION',		1			);

INSERT INTO UnitAbilityModifiers 
(UnitAbilityType,											ModifierId														) VALUES 
('ABILITY_LEADER_QIN_SUPER_BUILDER_MORE_MOVEMENT_BUFF',		'MODIFIER_ABILITY_LEADER_QIN_SUPER_BUILDER_MORE_MOVEMENT_BUFF'	);

INSERT INTO Modifiers 
(ModifierId,														ModifierType,							RunOnce,	Permanent,	NewOnly,	OwnerRequirementSetId,	SubjectRequirementSetId		) VALUES 
('MODIFIER_ABILITY_LEADER_QIN_SUPER_BUILDER_MORE_MOVEMENT_BUFF',	'MODIFIER_PLAYER_UNIT_ADJUST_MOVEMENT', 0,			0,			0,			NULL,					NULL						);

INSERT INTO ModifierArguments 
(ModifierId,														Name,		Value	) VALUES 
('MODIFIER_ABILITY_LEADER_QIN_SUPER_BUILDER_MORE_MOVEMENT_BUFF',	'Amount',	'5'		);

INSERT INTO TraitModifiers 
(TraitType,									ModifierId											) VALUES 
('TRAIT_MOD_LEADER_QIN_SUPER_BUILDER',		'MODIFIER_LEADER_QIN_SUPER_BUILDER_GRANT_ABILITY'	);

INSERT INTO Modifiers 
(ModifierId,											ModifierType,							RunOnce,	Permanent,		NewOnly,	OwnerRequirementSetId,		SubjectRequirementSetId	) VALUES 
('MODIFIER_LEADER_QIN_SUPER_BUILDER_GRANT_ABILITY',		'MODIFIER_PLAYER_UNITS_GRANT_ABILITY',	0,			0,				0,			NULL,						NULL					);

INSERT INTO ModifierArguments 
(ModifierId,											Name,			Value													) VALUES 
('MODIFIER_LEADER_QIN_SUPER_BUILDER_GRANT_ABILITY',		'AbilityType',	'ABILITY_LEADER_QIN_SUPER_BUILDER_MORE_MOVEMENT_BUFF'	);




-- !improment +8f4p (weaken to 1f0p)
--------------------------------------------------------------

-- food

INSERT INTO TraitModifiers (TraitType, ModifierId) VALUES 
('TRAIT_MOD_LEADER_QIN_SUPER_BUILDER', 'TRAIT_MOD_LEADER_QIN_SUPER_BUILDER_IMPROVEMENT_8F4P_F_MODIFIER');

INSERT INTO Modifiers (ModifierId, ModifierType, RunOnce, Permanent, NewOnly, OwnerRequirementSetId, SubjectRequirementSetId) VALUES 
('TRAIT_MOD_LEADER_QIN_SUPER_BUILDER_IMPROVEMENT_8F4P_F_MODIFIER', 'MODIFIER_PLAYER_ADJUST_PLOT_YIELD', 0, 0, 0, NULL, 'REQ_QIN_SUPER_MODIFIER_PLOT_IS_8F4P_IMPROVEMENT');

INSERT INTO ModifierArguments (ModifierId, Name, Value) VALUES 
('TRAIT_MOD_LEADER_QIN_SUPER_BUILDER_IMPROVEMENT_8F4P_F_MODIFIER', 'Amount', '1'), 
('TRAIT_MOD_LEADER_QIN_SUPER_BUILDER_IMPROVEMENT_8F4P_F_MODIFIER', 'YieldType', 'YIELD_FOOD');

-- production


INSERT INTO TraitModifiers (TraitType, ModifierId) VALUES 
('TRAIT_MOD_LEADER_QIN_SUPER_BUILDER', 'TRAIT_MOD_LEADER_QIN_SUPER_BUILDER_IMPROVEMENT_8F4P_P_MODIFIER');

INSERT INTO Modifiers (ModifierId, ModifierType, RunOnce, Permanent, NewOnly, OwnerRequirementSetId, SubjectRequirementSetId) VALUES 
('TRAIT_MOD_LEADER_QIN_SUPER_BUILDER_IMPROVEMENT_8F4P_P_MODIFIER', 'MODIFIER_PLAYER_ADJUST_PLOT_YIELD', 0, 0, 0, NULL, 'REQ_QIN_SUPER_MODIFIER_PLOT_IS_8F4P_IMPROVEMENT');

INSERT INTO ModifierArguments (ModifierId, Name, Value) VALUES 
('TRAIT_MOD_LEADER_QIN_SUPER_BUILDER_IMPROVEMENT_8F4P_P_MODIFIER', 'Amount', '0'), 
('TRAIT_MOD_LEADER_QIN_SUPER_BUILDER_IMPROVEMENT_8F4P_P_MODIFIER', 'YieldType', 'YIELD_PRODUCTION');

-- RequirementSets

INSERT INTO RequirementSets (RequirementSetId, RequirementSetType) VALUES 
('REQ_QIN_SUPER_MODIFIER_PLOT_IS_8F4P_IMPROVEMENT', 'REQUIREMENTSET_TEST_ANY');

INSERT INTO RequirementSetRequirements (RequirementSetId, RequirementId) VALUES 
('REQ_QIN_SUPER_MODIFIER_PLOT_IS_8F4P_IMPROVEMENT', 'REQ_QSB_PLOT_IS_IMPROVEMENT_FARM'), 
('REQ_QIN_SUPER_MODIFIER_PLOT_IS_8F4P_IMPROVEMENT', 'REQ_QSB_PLOT_IS_IMPROVEMENT_PLANTATION');

-- Requirements

INSERT INTO Requirements (RequirementId, RequirementType) VALUES 
('REQ_QSB_PLOT_IS_IMPROVEMENT_FARM', 'REQUIREMENT_PLOT_IMPROVEMENT_TYPE_MATCHES'), 
('REQ_QSB_PLOT_IS_IMPROVEMENT_PLANTATION', 'REQUIREMENT_PLOT_IMPROVEMENT_TYPE_MATCHES');

INSERT INTO RequirementArguments (RequirementId, Name, Value) VALUES 
('REQ_QSB_PLOT_IS_IMPROVEMENT_FARM', 'ImprovementType', 'IMPROVEMENT_FARM'), 
('REQ_QSB_PLOT_IS_IMPROVEMENT_PLANTATION', 'ImprovementType', 'IMPROVEMENT_PLANTATION');




-- !improment 4f8p (weaken to 0f1p)
--------------------------------------------------------------

-- food

INSERT INTO TraitModifiers (TraitType, ModifierId) VALUES 
('TRAIT_MOD_LEADER_QIN_SUPER_BUILDER', 'TRAIT_MOD_LEADER_QIN_SUPER_BUILDER_IMPROVEMENT_4F8P_F_MODIFIER');

INSERT INTO Modifiers (ModifierId, ModifierType, RunOnce, Permanent, NewOnly, OwnerRequirementSetId, SubjectRequirementSetId) VALUES 
('TRAIT_MOD_LEADER_QIN_SUPER_BUILDER_IMPROVEMENT_4F8P_F_MODIFIER', 'MODIFIER_PLAYER_ADJUST_PLOT_YIELD', 0, 0, 0, NULL, 'REQ_QIN_SUPER_MODIFIER_PLOT_IS_4F8P_IMPROVEMENT');

INSERT INTO ModifierArguments (ModifierId, Name, Value) VALUES 
('TRAIT_MOD_LEADER_QIN_SUPER_BUILDER_IMPROVEMENT_4F8P_F_MODIFIER', 'Amount', '0'), 
('TRAIT_MOD_LEADER_QIN_SUPER_BUILDER_IMPROVEMENT_4F8P_F_MODIFIER', 'YieldType', 'YIELD_FOOD');

-- production

INSERT INTO TraitModifiers (TraitType, ModifierId) VALUES 
('TRAIT_MOD_LEADER_QIN_SUPER_BUILDER', 'TRAIT_MOD_LEADER_QIN_SUPER_BUILDER_IMPROVEMENT_4F8P_P_MODIFIER');

INSERT INTO Modifiers (ModifierId, ModifierType, RunOnce, Permanent, NewOnly, OwnerRequirementSetId, SubjectRequirementSetId) VALUES 
('TRAIT_MOD_LEADER_QIN_SUPER_BUILDER_IMPROVEMENT_4F8P_P_MODIFIER', 'MODIFIER_PLAYER_ADJUST_PLOT_YIELD', 0, 0, 0, NULL, 'REQ_QIN_SUPER_MODIFIER_PLOT_IS_4F8P_IMPROVEMENT');

INSERT INTO ModifierArguments (ModifierId, Name, Value) VALUES 
('TRAIT_MOD_LEADER_QIN_SUPER_BUILDER_IMPROVEMENT_4F8P_P_MODIFIER', 'Amount', '1'), 
('TRAIT_MOD_LEADER_QIN_SUPER_BUILDER_IMPROVEMENT_4F8P_P_MODIFIER', 'YieldType', 'YIELD_PRODUCTION');

-- RequirementSets

INSERT INTO RequirementSets (RequirementSetId, RequirementSetType) VALUES 
('REQ_QIN_SUPER_MODIFIER_PLOT_IS_4F8P_IMPROVEMENT', 'REQUIREMENTSET_TEST_ANY');

INSERT INTO RequirementSetRequirements (RequirementSetId, RequirementId) VALUES 
('REQ_QIN_SUPER_MODIFIER_PLOT_IS_4F8P_IMPROVEMENT', 'REQ_QSB_PLOT_IS_IMPROVEMENT_MINE'), 
('REQ_QIN_SUPER_MODIFIER_PLOT_IS_4F8P_IMPROVEMENT', 'REQ_QSB_PLOT_IS_IMPROVEMENT_QUARRY'), 
('REQ_QIN_SUPER_MODIFIER_PLOT_IS_4F8P_IMPROVEMENT', 'REQ_QSB_PLOT_IS_IMPROVEMENT_LUMBER_MILL');

-- Requirements

INSERT INTO Requirements (RequirementId, RequirementType) VALUES 
('REQ_QSB_PLOT_IS_IMPROVEMENT_MINE', 'REQUIREMENT_PLOT_IMPROVEMENT_TYPE_MATCHES'), 
('REQ_QSB_PLOT_IS_IMPROVEMENT_QUARRY', 'REQUIREMENT_PLOT_IMPROVEMENT_TYPE_MATCHES'), 
('REQ_QSB_PLOT_IS_IMPROVEMENT_LUMBER_MILL', 'REQUIREMENT_PLOT_IMPROVEMENT_TYPE_MATCHES');

INSERT INTO RequirementArguments (RequirementId, Name, Value) VALUES 
('REQ_QSB_PLOT_IS_IMPROVEMENT_MINE', 'ImprovementType', 'IMPROVEMENT_MINE'), 
('REQ_QSB_PLOT_IS_IMPROVEMENT_QUARRY', 'ImprovementType', 'IMPROVEMENT_QUARRY'), 
('REQ_QSB_PLOT_IS_IMPROVEMENT_LUMBER_MILL', 'ImprovementType', 'IMPROVEMENT_LUMBER_MILL');




-- !improment 0f12p (weaken to 0f2p)
--------------------------------------------------------------

-- production

INSERT INTO TraitModifiers (TraitType, ModifierId) VALUES 
('TRAIT_MOD_LEADER_QIN_SUPER_BUILDER', 'TRAIT_MOD_LEADER_QIN_SUPER_BUILDER_IMPROVEMENT_0F12P_P_MODIFIER');

INSERT INTO Modifiers (ModifierId, ModifierType, RunOnce, Permanent, NewOnly, OwnerRequirementSetId, SubjectRequirementSetId) VALUES 
('TRAIT_MOD_LEADER_QIN_SUPER_BUILDER_IMPROVEMENT_0F12P_P_MODIFIER', 'MODIFIER_PLAYER_ADJUST_PLOT_YIELD', 0, 0, 0, NULL, 'REQ_QIN_SUPER_MODIFIER_PLOT_IS_0F12P_IMPROVEMENT');

INSERT INTO ModifierArguments (ModifierId, Name, Value) VALUES 
('TRAIT_MOD_LEADER_QIN_SUPER_BUILDER_IMPROVEMENT_0F12P_P_MODIFIER', 'Amount', '2'), 
('TRAIT_MOD_LEADER_QIN_SUPER_BUILDER_IMPROVEMENT_0F12P_P_MODIFIER', 'YieldType', 'YIELD_PRODUCTION');

-- RequirementSets

INSERT INTO RequirementSets (RequirementSetId, RequirementSetType) VALUES 
('REQ_QIN_SUPER_MODIFIER_PLOT_IS_0F12P_IMPROVEMENT', 'REQUIREMENTSET_TEST_ANY');

INSERT INTO RequirementSetRequirements (RequirementSetId, RequirementId) VALUES 
('REQ_QIN_SUPER_MODIFIER_PLOT_IS_0F12P_IMPROVEMENT', 'REQ_QSB_PLOT_IS_IMPROVEMENT_OIL_WELL'), 
('REQ_QIN_SUPER_MODIFIER_PLOT_IS_0F12P_IMPROVEMENT', 'REQ_QSB_PLOT_IS_IMPROVEMENT_WIND_FARM'), 
('REQ_QIN_SUPER_MODIFIER_PLOT_IS_0F12P_IMPROVEMENT', 'REQ_QSB_PLOT_IS_IMPROVEMENT_OFFSHORE_OIL_RIG'), 
('REQ_QIN_SUPER_MODIFIER_PLOT_IS_0F12P_IMPROVEMENT', 'REQ_QSB_PLOT_IS_IMPROVEMENT_SOLAR_FARM'), 
('REQ_QIN_SUPER_MODIFIER_PLOT_IS_0F12P_IMPROVEMENT', 'REQ_QSB_PLOT_IS_IMPROVEMENT_OFFSHORE_WIND_FARM'), 
('REQ_QIN_SUPER_MODIFIER_PLOT_IS_0F12P_IMPROVEMENT', 'REQ_QSB_PLOT_IS_IMPROVEMENT_GEOTHERMAL_PLANT');

-- Requirements

INSERT INTO Requirements (RequirementId, RequirementType) VALUES 
('REQ_QSB_PLOT_IS_IMPROVEMENT_OIL_WELL', 'REQUIREMENT_PLOT_IMPROVEMENT_TYPE_MATCHES'), 
('REQ_QSB_PLOT_IS_IMPROVEMENT_WIND_FARM', 'REQUIREMENT_PLOT_IMPROVEMENT_TYPE_MATCHES'), 
('REQ_QSB_PLOT_IS_IMPROVEMENT_OFFSHORE_OIL_RIG', 'REQUIREMENT_PLOT_IMPROVEMENT_TYPE_MATCHES'), 
('REQ_QSB_PLOT_IS_IMPROVEMENT_SOLAR_FARM', 'REQUIREMENT_PLOT_IMPROVEMENT_TYPE_MATCHES'), 
('REQ_QSB_PLOT_IS_IMPROVEMENT_OFFSHORE_WIND_FARM', 'REQUIREMENT_PLOT_IMPROVEMENT_TYPE_MATCHES'), 
('REQ_QSB_PLOT_IS_IMPROVEMENT_GEOTHERMAL_PLANT', 'REQUIREMENT_PLOT_IMPROVEMENT_TYPE_MATCHES');

INSERT INTO RequirementArguments (RequirementId, Name, Value) VALUES 
('REQ_QSB_PLOT_IS_IMPROVEMENT_OIL_WELL', 'ImprovementType', 'IMPROVEMENT_OIL_WELL'), 
('REQ_QSB_PLOT_IS_IMPROVEMENT_WIND_FARM', 'ImprovementType', 'IMPROVEMENT_WIND_FARM'), 
('REQ_QSB_PLOT_IS_IMPROVEMENT_OFFSHORE_OIL_RIG', 'ImprovementType', 'IMPROVEMENT_OFFSHORE_OIL_RIG'), 
('REQ_QSB_PLOT_IS_IMPROVEMENT_SOLAR_FARM', 'ImprovementType', 'IMPROVEMENT_SOLAR_FARM'), 
('REQ_QSB_PLOT_IS_IMPROVEMENT_OFFSHORE_WIND_FARM', 'ImprovementType', 'IMPROVEMENT_OFFSHORE_WIND_FARM'), 
('REQ_QSB_PLOT_IS_IMPROVEMENT_GEOTHERMAL_PLANT', 'ImprovementType', 'IMPROVEMENT_GEOTHERMAL_PLANT');



-- !improment 6f6p (weaken to 1f1p)
--------------------------------------------------------------

-- food

INSERT INTO TraitModifiers (TraitType, ModifierId) VALUES 
('TRAIT_MOD_LEADER_QIN_SUPER_BUILDER', 'TRAIT_MOD_LEADER_QIN_SUPER_BUILDER_IMPROVEMENT_6F6P_F_MODIFIER');

INSERT INTO Modifiers (ModifierId, ModifierType, RunOnce, Permanent, NewOnly, OwnerRequirementSetId, SubjectRequirementSetId) VALUES 
('TRAIT_MOD_LEADER_QIN_SUPER_BUILDER_IMPROVEMENT_6F6P_F_MODIFIER', 'MODIFIER_PLAYER_ADJUST_PLOT_YIELD', 0, 0, 0, NULL, 'REQ_QIN_SUPER_MODIFIER_PLOT_IS_6F6P_IMPROVEMENT');

INSERT INTO ModifierArguments (ModifierId, Name, Value) VALUES 
('TRAIT_MOD_LEADER_QIN_SUPER_BUILDER_IMPROVEMENT_6F6P_F_MODIFIER', 'Amount', '1'), 
('TRAIT_MOD_LEADER_QIN_SUPER_BUILDER_IMPROVEMENT_6F6P_F_MODIFIER', 'YieldType', 'YIELD_FOOD');

-- production

INSERT INTO TraitModifiers (TraitType, ModifierId) VALUES 
('TRAIT_MOD_LEADER_QIN_SUPER_BUILDER', 'TRAIT_MOD_LEADER_QIN_SUPER_BUILDER_IMPROVEMENT_6F6P_P_MODIFIER');

INSERT INTO Modifiers (ModifierId, ModifierType, RunOnce, Permanent, NewOnly, OwnerRequirementSetId, SubjectRequirementSetId) VALUES 
('TRAIT_MOD_LEADER_QIN_SUPER_BUILDER_IMPROVEMENT_6F6P_P_MODIFIER', 'MODIFIER_PLAYER_ADJUST_PLOT_YIELD', 0, 0, 0, NULL, 'REQ_QIN_SUPER_MODIFIER_PLOT_IS_6F6P_IMPROVEMENT');

INSERT INTO ModifierArguments (ModifierId, Name, Value) VALUES 
('TRAIT_MOD_LEADER_QIN_SUPER_BUILDER_IMPROVEMENT_6F6P_P_MODIFIER', 'Amount', '1'), 
('TRAIT_MOD_LEADER_QIN_SUPER_BUILDER_IMPROVEMENT_6F6P_P_MODIFIER', 'YieldType', 'YIELD_PRODUCTION');

-- RequirementSets

INSERT INTO RequirementSets (RequirementSetId, RequirementSetType) VALUES 
('REQ_QIN_SUPER_MODIFIER_PLOT_IS_6F6P_IMPROVEMENT', 'REQUIREMENTSET_TEST_ANY');

INSERT INTO RequirementSetRequirements (RequirementSetId, RequirementId) VALUES 
('REQ_QIN_SUPER_MODIFIER_PLOT_IS_6F6P_IMPROVEMENT', 'REQ_QSB_PLOT_IS_IMPROVEMENT_FISHING_BOATS'), 
('REQ_QIN_SUPER_MODIFIER_PLOT_IS_6F6P_IMPROVEMENT', 'REQ_QSB_PLOT_IS_IMPROVEMENT_PASTURE'), 
('REQ_QIN_SUPER_MODIFIER_PLOT_IS_6F6P_IMPROVEMENT', 'REQ_QSB_PLOT_IS_IMPROVEMENT_CAMP'), 
('REQ_QIN_SUPER_MODIFIER_PLOT_IS_6F6P_IMPROVEMENT', 'REQ_QSB_PLOT_IS_IMPROVEMENT_FISHERY');

-- Requirements

INSERT INTO Requirements (RequirementId, RequirementType) VALUES 
('REQ_QSB_PLOT_IS_IMPROVEMENT_FISHING_BOATS', 'REQUIREMENT_PLOT_IMPROVEMENT_TYPE_MATCHES'), 
('REQ_QSB_PLOT_IS_IMPROVEMENT_PASTURE', 'REQUIREMENT_PLOT_IMPROVEMENT_TYPE_MATCHES'), 
('REQ_QSB_PLOT_IS_IMPROVEMENT_CAMP', 'REQUIREMENT_PLOT_IMPROVEMENT_TYPE_MATCHES'), 
('REQ_QSB_PLOT_IS_IMPROVEMENT_FISHERY', 'REQUIREMENT_PLOT_IMPROVEMENT_TYPE_MATCHES');

INSERT INTO RequirementArguments (RequirementId, Name, Value) VALUES 
('REQ_QSB_PLOT_IS_IMPROVEMENT_FISHING_BOATS', 'ImprovementType', 'IMPROVEMENT_FISHING_BOATS'), 
('REQ_QSB_PLOT_IS_IMPROVEMENT_PASTURE', 'ImprovementType', 'IMPROVEMENT_PASTURE'), 
('REQ_QSB_PLOT_IS_IMPROVEMENT_CAMP', 'ImprovementType', 'IMPROVEMENT_CAMP'), 
('REQ_QSB_PLOT_IS_IMPROVEMENT_FISHERY', 'ImprovementType', 'IMPROVEMENT_FISHERY');




-- !improment 6g6c (weaken to 1g1c)
--------------------------------------------------------------

-- gold

INSERT INTO TraitModifiers (TraitType, ModifierId) VALUES 
('TRAIT_MOD_LEADER_QIN_SUPER_BUILDER', 'TRAIT_MOD_LEADER_QIN_SUPER_BUILDER_IMPROVEMENT_6G6C_G_MODIFIER');

INSERT INTO Modifiers (ModifierId, ModifierType, RunOnce, Permanent, NewOnly, OwnerRequirementSetId, SubjectRequirementSetId) VALUES 
('TRAIT_MOD_LEADER_QIN_SUPER_BUILDER_IMPROVEMENT_6G6C_G_MODIFIER', 'MODIFIER_PLAYER_ADJUST_PLOT_YIELD', 0, 0, 0, NULL, 'REQ_QIN_SUPER_MODIFIER_PLOT_IS_6G6C_IMPROVEMENT');

INSERT INTO ModifierArguments (ModifierId, Name, Value) VALUES 
('TRAIT_MOD_LEADER_QIN_SUPER_BUILDER_IMPROVEMENT_6G6C_G_MODIFIER', 'Amount', '1'), 
('TRAIT_MOD_LEADER_QIN_SUPER_BUILDER_IMPROVEMENT_6G6C_G_MODIFIER', 'YieldType', 'YIELD_GOLD');

-- culture

INSERT INTO TraitModifiers (TraitType, ModifierId) VALUES 
('TRAIT_MOD_LEADER_QIN_SUPER_BUILDER', 'TRAIT_MOD_LEADER_QIN_SUPER_BUILDER_IMPROVEMENT_6G6C_C_MODIFIER');

INSERT INTO Modifiers (ModifierId, ModifierType, RunOnce, Permanent, NewOnly, OwnerRequirementSetId, SubjectRequirementSetId) VALUES 
('TRAIT_MOD_LEADER_QIN_SUPER_BUILDER_IMPROVEMENT_6G6C_C_MODIFIER', 'MODIFIER_PLAYER_ADJUST_PLOT_YIELD', 0, 0, 0, NULL, 'REQ_QIN_SUPER_MODIFIER_PLOT_IS_6G6C_IMPROVEMENT');

INSERT INTO ModifierArguments (ModifierId, Name, Value) VALUES 
('TRAIT_MOD_LEADER_QIN_SUPER_BUILDER_IMPROVEMENT_6G6C_C_MODIFIER', 'Amount', '1'), 
('TRAIT_MOD_LEADER_QIN_SUPER_BUILDER_IMPROVEMENT_6G6C_C_MODIFIER', 'YieldType', 'YIELD_CULTURE');

-- RequirementSets

INSERT INTO RequirementSets (RequirementSetId, RequirementSetType) VALUES 
('REQ_QIN_SUPER_MODIFIER_PLOT_IS_6G6C_IMPROVEMENT', 'REQUIREMENTSET_TEST_ANY');

INSERT INTO RequirementSetRequirements (RequirementSetId, RequirementId) VALUES 
('REQ_QIN_SUPER_MODIFIER_PLOT_IS_6G6C_IMPROVEMENT', 'REQ_QSB_PLOT_IS_IMPROVEMENT_BEACH_RESORT'), 
('REQ_QIN_SUPER_MODIFIER_PLOT_IS_6G6C_IMPROVEMENT', 'REQ_QSB_PLOT_IS_IMPROVEMENT_GREAT_WALL');

-- Requirements

INSERT INTO Requirements (RequirementId, RequirementType) VALUES 
('REQ_QSB_PLOT_IS_IMPROVEMENT_BEACH_RESORT', 'REQUIREMENT_PLOT_IMPROVEMENT_TYPE_MATCHES'), 
('REQ_QSB_PLOT_IS_IMPROVEMENT_GREAT_WALL', 'REQUIREMENT_PLOT_IMPROVEMENT_TYPE_MATCHES');

INSERT INTO RequirementArguments (RequirementId, Name, Value) VALUES 
('REQ_QSB_PLOT_IS_IMPROVEMENT_BEACH_RESORT', 'ImprovementType', 'IMPROVEMENT_BEACH_RESORT'), 
('REQ_QSB_PLOT_IS_IMPROVEMENT_GREAT_WALL', 'ImprovementType', 'IMPROVEMENT_GREAT_WALL');






